refArea,structure,Value,Observation URI,references,Data Domain,publisher,Item Code,Year,Element Code,Element,Unit,dataset,Item
http://dbpedia.org/resource/Lebanon,,1.397e+02,http://linked.aub.edu.lb/CODEC/Lebanon/observation/Emissions_from_Forests-Lebanon-Forestland-6751-Area-1990,https://www.fao.org/faostat/en/#data/EM,,Food and Agriculture Organization,6751,1990,5110,Area,1000 ha,http://linked.aub.edu.lb/CODEC/Lebanon/Dataset/Emissions_from_Forests-Lebanon,Forestland
http://dbpedia.org/resource/Lebanon,,1.39548e+02,http://linked.aub.edu.lb/CODEC/Lebanon/observation/Emissions_from_Forests-Lebanon-Forestland-6751-Area-1991,https://www.fao.org/faostat/en/#data/EM,,Food and Agriculture Organization,6751,1991,5110,Area,1000 ha,http://linked.aub.edu.lb/CODEC/Lebanon/Dataset/Emissions_from_Forests-Lebanon,Forestland
http://dbpedia.org/resource/Lebanon,,1.39396e+02,http://linked.aub.edu.lb/CODEC/Lebanon/observation/Emissions_from_Forests-Lebanon-Forestland-6751-Area-1992,https://www.fao.org/faostat/en/#data/EM,,Food and Agriculture Organization,6751,1992,5110,Area,1000 ha,http://linked.aub.edu.lb/CODEC/Lebanon/Dataset/Emissions_from_Forests-Lebanon,Forestland
http://dbpedia.org/resource/Lebanon,,1.39244e+02,http://linked.aub.edu.lb/CODEC/Lebanon/observation/Emissions_from_Forests-Lebanon-Forestland-6751-Area-1993,https://www.fao.org/faostat/en/#data/EM,,Food and Agriculture Organization,6751,1993,5110,Area,1000 ha,http://linked.aub.edu.lb/CODEC/Lebanon/Dataset/Emissions_from_Forests-Lebanon,Forestland
http://dbpedia.org/resource/Lebanon,,1.39092e+02,http://linked.aub.edu.lb/CODEC/Lebanon/observation/Emissions_from_Forests-Lebanon-Forestland-6751-Area-1994,https://www.fao.org/faostat/en/#data/EM,,Food and Agriculture Organization,6751,1994,5110,Area,1000 ha,http://linked.aub.edu.lb/CODEC/Lebanon/Dataset/Emissions_from_Forests-Lebanon,Forestland
http://dbpedia.org/resource/Lebanon,,1.3894e+02,http://linked.aub.edu.lb/CODEC/Lebanon/observation/Emissions_from_Forests-Lebanon-Forestland-6751-Area-1995,https://www.fao.org/faostat/en/#data/EM,,Food and Agriculture Organization,6751,1995,5110,Area,1000 ha,http://linked.aub.edu.lb/CODEC/Lebanon/Dataset/Emissions_from_Forests-Lebanon,Forestland
http://dbpedia.org/resource/Lebanon,,1.38788e+02,http://linked.aub.edu.lb/CODEC/Lebanon/observation/Emissions_from_Forests-Lebanon-Forestland-6751-Area-1996,https://www.fao.org/faostat/en/#data/EM,,Food and Agriculture Organization,6751,1996,5110,Area,1000 ha,http://linked.aub.edu.lb/CODEC/Lebanon/Dataset/Emissions_from_Forests-Lebanon,Forestland
http://dbpedia.org/resource/Lebanon,,1.38636e+02,http://linked.aub.edu.lb/CODEC/Lebanon/observation/Emissions_from_Forests-Lebanon-Forestland-6751-Area-1997,https://www.fao.org/faostat/en/#data/EM,,Food and Agriculture Organization,6751,1997,5110,Area,1000 ha,http://linked.aub.edu.lb/CODEC/Lebanon/Dataset/Emissions_from_Forests-Lebanon,Forestland
http://dbpedia.org/resource/Lebanon,,1.38484e+02,http://linked.aub.edu.lb/CODEC/Lebanon/observation/Emissions_from_Forests-Lebanon-Forestland-6751-Area-1998,https://www.fao.org/faostat/en/#data/EM,,Food and Agriculture Organization,6751,1998,5110,Area,1000 ha,http://linked.aub.edu.lb/CODEC/Lebanon/Dataset/Emissions_from_Forests-Lebanon,Forestland
http://dbpedia.org/resource/Lebanon,,1.38332e+02,http://linked.aub.edu.lb/CODEC/Lebanon/observation/Emissions_from_Forests-Lebanon-Forestland-6751-Area-1999,https://www.fao.org/faostat/en/#data/EM,,Food and Agriculture Organization,6751,1999,5110,Area,1000 ha,http://linked.aub.edu.lb/CODEC/Lebanon/Dataset/Emissions_from_Forests-Lebanon,Forestland
http://dbpedia.org/resource/Lebanon,,1.3818e+02,http://linked.aub.edu.lb/CODEC/Lebanon/observation/Emissions_from_Forests-Lebanon-Forestland-6751-Area-2000,https://www.fao.org/faostat/en/#data/EM,,Food and Agriculture Organization,6751,2000,5110,Area,1000 ha,http://linked.aub.edu.lb/CODEC/Lebanon/Dataset/Emissions_from_Forests-Lebanon,Forestland
http://dbpedia.org/resource/Lebanon,,1.38097e+02,http://linked.aub.edu.lb/CODEC/Lebanon/observation/Emissions_from_Forests-Lebanon-Forestland-6751-Area-2001,https://www.fao.org/faostat/en/#data/EM,,Food and Agriculture Organization,6751,2001,5110,Area,1000 ha,http://linked.aub.edu.lb/CODEC/Lebanon/Dataset/Emissions_from_Forests-Lebanon,Forestland
http://dbpedia.org/resource/Lebanon,,1.38014e+02,http://linked.aub.edu.lb/CODEC/Lebanon/observation/Emissions_from_Forests-Lebanon-Forestland-6751-Area-2002,https://www.fao.org/faostat/en/#data/EM,,Food and Agriculture Organization,6751,2002,5110,Area,1000 ha,http://linked.aub.edu.lb/CODEC/Lebanon/Dataset/Emissions_from_Forests-Lebanon,Forestland
http://dbpedia.org/resource/Lebanon,,1.37931e+02,http://linked.aub.edu.lb/CODEC/Lebanon/observation/Emissions_from_Forests-Lebanon-Forestland-6751-Area-2003,https://www.fao.org/faostat/en/#data/EM,,Food and Agriculture Organization,6751,2003,5110,Area,1000 ha,http://linked.aub.edu.lb/CODEC/Lebanon/Dataset/Emissions_from_Forests-Lebanon,Forestland
http://dbpedia.org/resource/Lebanon,,1.37848e+02,http://linked.aub.edu.lb/CODEC/Lebanon/observation/Emissions_from_Forests-Lebanon-Forestland-6751-Area-2004,https://www.fao.org/faostat/en/#data/EM,,Food and Agriculture Organization,6751,2004,5110,Area,1000 ha,http://linked.aub.edu.lb/CODEC/Lebanon/Dataset/Emissions_from_Forests-Lebanon,Forestland
http://dbpedia.org/resource/Lebanon,,1.37765e+02,http://linked.aub.edu.lb/CODEC/Lebanon/observation/Emissions_from_Forests-Lebanon-Forestland-6751-Area-2005,https://www.fao.org/faostat/en/#data/EM,,Food and Agriculture Organization,6751,2005,5110,Area,1000 ha,http://linked.aub.edu.lb/CODEC/Lebanon/Dataset/Emissions_from_Forests-Lebanon,Forestland
http://dbpedia.org/resource/Lebanon,,1.37682e+02,http://linked.aub.edu.lb/CODEC/Lebanon/observation/Emissions_from_Forests-Lebanon-Forestland-6751-Area-2006,https://www.fao.org/faostat/en/#data/EM,,Food and Agriculture Organization,6751,2006,5110,Area,1000 ha,http://linked.aub.edu.lb/CODEC/Lebanon/Dataset/Emissions_from_Forests-Lebanon,Forestland
http://dbpedia.org/resource/Lebanon,,1.37599e+02,http://linked.aub.edu.lb/CODEC/Lebanon/observation/Emissions_from_Forests-Lebanon-Forestland-6751-Area-2007,https://www.fao.org/faostat/en/#data/EM,,Food and Agriculture Organization,6751,2007,5110,Area,1000 ha,http://linked.aub.edu.lb/CODEC/Lebanon/Dataset/Emissions_from_Forests-Lebanon,Forestland
http://dbpedia.org/resource/Lebanon,,1.37516e+02,http://linked.aub.edu.lb/CODEC/Lebanon/observation/Emissions_from_Forests-Lebanon-Forestland-6751-Area-2008,https://www.fao.org/faostat/en/#data/EM,,Food and Agriculture Organization,6751,2008,5110,Area,1000 ha,http://linked.aub.edu.lb/CODEC/Lebanon/Dataset/Emissions_from_Forests-Lebanon,Forestland
http://dbpedia.org/resource/Lebanon,,1.37433e+02,http://linked.aub.edu.lb/CODEC/Lebanon/observation/Emissions_from_Forests-Lebanon-Forestland-6751-Area-2009,https://www.fao.org/faostat/en/#data/EM,,Food and Agriculture Organization,6751,2009,5110,Area,1000 ha,http://linked.aub.edu.lb/CODEC/Lebanon/Dataset/Emissions_from_Forests-Lebanon,Forestland
http://dbpedia.org/resource/Lebanon,,1.3735e+02,http://linked.aub.edu.lb/CODEC/Lebanon/observation/Emissions_from_Forests-Lebanon-Forestland-6751-Area-2010,https://www.fao.org/faostat/en/#data/EM,,Food and Agriculture Organization,6751,2010,5110,Area,1000 ha,http://linked.aub.edu.lb/CODEC/Lebanon/Dataset/Emissions_from_Forests-Lebanon,Forestland
http://dbpedia.org/resource/Lebanon,,1.37946e+02,http://linked.aub.edu.lb/CODEC/Lebanon/observation/Emissions_from_Forests-Lebanon-Forestland-6751-Area-2011,https://www.fao.org/faostat/en/#data/EM,,Food and Agriculture Organization,6751,2011,5110,Area,1000 ha,http://linked.aub.edu.lb/CODEC/Lebanon/Dataset/Emissions_from_Forests-Lebanon,Forestland
http://dbpedia.org/resource/Lebanon,,1.38542e+02,http://linked.aub.edu.lb/CODEC/Lebanon/observation/Emissions_from_Forests-Lebanon-Forestland-6751-Area-2012,https://www.fao.org/faostat/en/#data/EM,,Food and Agriculture Organization,6751,2012,5110,Area,1000 ha,http://linked.aub.edu.lb/CODEC/Lebanon/Dataset/Emissions_from_Forests-Lebanon,Forestland
http://dbpedia.org/resource/Lebanon,,1.39138e+02,http://linked.aub.edu.lb/CODEC/Lebanon/observation/Emissions_from_Forests-Lebanon-Forestland-6751-Area-2013,https://www.fao.org/faostat/en/#data/EM,,Food and Agriculture Organization,6751,2013,5110,Area,1000 ha,http://linked.aub.edu.lb/CODEC/Lebanon/Dataset/Emissions_from_Forests-Lebanon,Forestland
http://dbpedia.org/resource/Lebanon,,1.39734e+02,http://linked.aub.edu.lb/CODEC/Lebanon/observation/Emissions_from_Forests-Lebanon-Forestland-6751-Area-2014,https://www.fao.org/faostat/en/#data/EM,,Food and Agriculture Organization,6751,2014,5110,Area,1000 ha,http://linked.aub.edu.lb/CODEC/Lebanon/Dataset/Emissions_from_Forests-Lebanon,Forestland
http://dbpedia.org/resource/Lebanon,,1.4033e+02,http://linked.aub.edu.lb/CODEC/Lebanon/observation/Emissions_from_Forests-Lebanon-Forestland-6751-Area-2015,https://www.fao.org/faostat/en/#data/EM,,Food and Agriculture Organization,6751,2015,5110,Area,1000 ha,http://linked.aub.edu.lb/CODEC/Lebanon/Dataset/Emissions_from_Forests-Lebanon,Forestland
http://dbpedia.org/resource/Lebanon,,1.4093e+02,http://linked.aub.edu.lb/CODEC/Lebanon/observation/Emissions_from_Forests-Lebanon-Forestland-6751-Area-2016,https://www.fao.org/faostat/en/#data/EM,,Food and Agriculture Organization,6751,2016,5110,Area,1000 ha,http://linked.aub.edu.lb/CODEC/Lebanon/Dataset/Emissions_from_Forests-Lebanon,Forestland
http://dbpedia.org/resource/Lebanon,,1.4153e+02,http://linked.aub.edu.lb/CODEC/Lebanon/observation/Emissions_from_Forests-Lebanon-Forestland-6751-Area-2017,https://www.fao.org/faostat/en/#data/EM,,Food and Agriculture Organization,6751,2017,5110,Area,1000 ha,http://linked.aub.edu.lb/CODEC/Lebanon/Dataset/Emissions_from_Forests-Lebanon,Forestland
http://dbpedia.org/resource/Lebanon,,1.4213e+02,http://linked.aub.edu.lb/CODEC/Lebanon/observation/Emissions_from_Forests-Lebanon-Forestland-6751-Area-2018,https://www.fao.org/faostat/en/#data/EM,,Food and Agriculture Organization,6751,2018,5110,Area,1000 ha,http://linked.aub.edu.lb/CODEC/Lebanon/Dataset/Emissions_from_Forests-Lebanon,Forestland
http://dbpedia.org/resource/Lebanon,,1.4273e+02,http://linked.aub.edu.lb/CODEC/Lebanon/observation/Emissions_from_Forests-Lebanon-Forestland-6751-Area-2019,https://www.fao.org/faostat/en/#data/EM,,Food and Agriculture Organization,6751,2019,5110,Area,1000 ha,http://linked.aub.edu.lb/CODEC/Lebanon/Dataset/Emissions_from_Forests-Lebanon,Forestland
http://dbpedia.org/resource/Lebanon,,1.4333e+02,http://linked.aub.edu.lb/CODEC/Lebanon/observation/Emissions_from_Forests-Lebanon-Forestland-6751-Area-2020,https://www.fao.org/faostat/en/#data/EM,,Food and Agriculture Organization,6751,2020,5110,Area,1000 ha,http://linked.aub.edu.lb/CODEC/Lebanon/Dataset/Emissions_from_Forests-Lebanon,Forestland
http://dbpedia.org/resource/Lebanon,,1.4393e+02,http://linked.aub.edu.lb/CODEC/Lebanon/observation/Emissions_from_Forests-Lebanon-Forestland-6751-Area-2021,https://www.fao.org/faostat/en/#data/EM,,Food and Agriculture Organization,6751,2021,5110,Area,1000 ha,http://linked.aub.edu.lb/CODEC/Lebanon/Dataset/Emissions_from_Forests-Lebanon,Forestland
http://dbpedia.org/resource/Lebanon,,-6.5866e+00,http://linked.aub.edu.lb/CODEC/Lebanon/observation/Emissions_from_Forests-Lebanon-Forestland-6751-Net+emissions%2Fremovals+%28CO2%29+%28Forest+land%29-1990,https://www.fao.org/faostat/en/#data/EM,,Food and Agriculture Organization,6751,1990,72332,Net emissions/removals (CO2) (Forest land),kt,http://linked.aub.edu.lb/CODEC/Lebanon/Dataset/Emissions_from_Forests-Lebanon,Forestland
http://dbpedia.org/resource/Lebanon,,-6.5866e+00,http://linked.aub.edu.lb/CODEC/Lebanon/observation/Emissions_from_Forests-Lebanon-Forestland-6751-Net+emissions%2Fremovals+%28CO2%29+%28Forest+land%29-1991,https://www.fao.org/faostat/en/#data/EM,,Food and Agriculture Organization,6751,1991,72332,Net emissions/removals (CO2) (Forest land),kt,http://linked.aub.edu.lb/CODEC/Lebanon/Dataset/Emissions_from_Forests-Lebanon,Forestland
http://dbpedia.org/resource/Lebanon,,-6.5866e+00,http://linked.aub.edu.lb/CODEC/Lebanon/observation/Emissions_from_Forests-Lebanon-Forestland-6751-Net+emissions%2Fremovals+%28CO2%29+%28Forest+land%29-1992,https://www.fao.org/faostat/en/#data/EM,,Food and Agriculture Organization,6751,1992,72332,Net emissions/removals (CO2) (Forest land),kt,http://linked.aub.edu.lb/CODEC/Lebanon/Dataset/Emissions_from_Forests-Lebanon,Forestland
http://dbpedia.org/resource/Lebanon,,-6.5866e+00,http://linked.aub.edu.lb/CODEC/Lebanon/observation/Emissions_from_Forests-Lebanon-Forestland-6751-Net+emissions%2Fremovals+%28CO2%29+%28Forest+land%29-1993,https://www.fao.org/faostat/en/#data/EM,,Food and Agriculture Organization,6751,1993,72332,Net emissions/removals (CO2) (Forest land),kt,http://linked.aub.edu.lb/CODEC/Lebanon/Dataset/Emissions_from_Forests-Lebanon,Forestland
http://dbpedia.org/resource/Lebanon,,-6.5866e+00,http://linked.aub.edu.lb/CODEC/Lebanon/observation/Emissions_from_Forests-Lebanon-Forestland-6751-Net+emissions%2Fremovals+%28CO2%29+%28Forest+land%29-1994,https://www.fao.org/faostat/en/#data/EM,,Food and Agriculture Organization,6751,1994,72332,Net emissions/removals (CO2) (Forest land),kt,http://linked.aub.edu.lb/CODEC/Lebanon/Dataset/Emissions_from_Forests-Lebanon,Forestland
http://dbpedia.org/resource/Lebanon,,-6.5866e+00,http://linked.aub.edu.lb/CODEC/Lebanon/observation/Emissions_from_Forests-Lebanon-Forestland-6751-Net+emissions%2Fremovals+%28CO2%29+%28Forest+land%29-1995,https://www.fao.org/faostat/en/#data/EM,,Food and Agriculture Organization,6751,1995,72332,Net emissions/removals (CO2) (Forest land),kt,http://linked.aub.edu.lb/CODEC/Lebanon/Dataset/Emissions_from_Forests-Lebanon,Forestland
http://dbpedia.org/resource/Lebanon,,-6.5866e+00,http://linked.aub.edu.lb/CODEC/Lebanon/observation/Emissions_from_Forests-Lebanon-Forestland-6751-Net+emissions%2Fremovals+%28CO2%29+%28Forest+land%29-1996,https://www.fao.org/faostat/en/#data/EM,,Food and Agriculture Organization,6751,1996,72332,Net emissions/removals (CO2) (Forest land),kt,http://linked.aub.edu.lb/CODEC/Lebanon/Dataset/Emissions_from_Forests-Lebanon,Forestland
http://dbpedia.org/resource/Lebanon,,-6.5866e+00,http://linked.aub.edu.lb/CODEC/Lebanon/observation/Emissions_from_Forests-Lebanon-Forestland-6751-Net+emissions%2Fremovals+%28CO2%29+%28Forest+land%29-1997,https://www.fao.org/faostat/en/#data/EM,,Food and Agriculture Organization,6751,1997,72332,Net emissions/removals (CO2) (Forest land),kt,http://linked.aub.edu.lb/CODEC/Lebanon/Dataset/Emissions_from_Forests-Lebanon,Forestland
http://dbpedia.org/resource/Lebanon,,-6.5866e+00,http://linked.aub.edu.lb/CODEC/Lebanon/observation/Emissions_from_Forests-Lebanon-Forestland-6751-Net+emissions%2Fremovals+%28CO2%29+%28Forest+land%29-1998,https://www.fao.org/faostat/en/#data/EM,,Food and Agriculture Organization,6751,1998,72332,Net emissions/removals (CO2) (Forest land),kt,http://linked.aub.edu.lb/CODEC/Lebanon/Dataset/Emissions_from_Forests-Lebanon,Forestland
http://dbpedia.org/resource/Lebanon,,-6.5866e+00,http://linked.aub.edu.lb/CODEC/Lebanon/observation/Emissions_from_Forests-Lebanon-Forestland-6751-Net+emissions%2Fremovals+%28CO2%29+%28Forest+land%29-1999,https://www.fao.org/faostat/en/#data/EM,,Food and Agriculture Organization,6751,1999,72332,Net emissions/removals (CO2) (Forest land),kt,http://linked.aub.edu.lb/CODEC/Lebanon/Dataset/Emissions_from_Forests-Lebanon,Forestland
http://dbpedia.org/resource/Lebanon,,-6.5866e+00,http://linked.aub.edu.lb/CODEC/Lebanon/observation/Emissions_from_Forests-Lebanon-Forestland-6751-Net+emissions%2Fremovals+%28CO2%29+%28Forest+land%29-2000,https://www.fao.org/faostat/en/#data/EM,,Food and Agriculture Organization,6751,2000,72332,Net emissions/removals (CO2) (Forest land),kt,http://linked.aub.edu.lb/CODEC/Lebanon/Dataset/Emissions_from_Forests-Lebanon,Forestland
http://dbpedia.org/resource/Lebanon,,-3.5253e+00,http://linked.aub.edu.lb/CODEC/Lebanon/observation/Emissions_from_Forests-Lebanon-Forestland-6751-Net+emissions%2Fremovals+%28CO2%29+%28Forest+land%29-2001,https://www.fao.org/faostat/en/#data/EM,,Food and Agriculture Organization,6751,2001,72332,Net emissions/removals (CO2) (Forest land),kt,http://linked.aub.edu.lb/CODEC/Lebanon/Dataset/Emissions_from_Forests-Lebanon,Forestland
http://dbpedia.org/resource/Lebanon,,-3.5253e+00,http://linked.aub.edu.lb/CODEC/Lebanon/observation/Emissions_from_Forests-Lebanon-Forestland-6751-Net+emissions%2Fremovals+%28CO2%29+%28Forest+land%29-2002,https://www.fao.org/faostat/en/#data/EM,,Food and Agriculture Organization,6751,2002,72332,Net emissions/removals (CO2) (Forest land),kt,http://linked.aub.edu.lb/CODEC/Lebanon/Dataset/Emissions_from_Forests-Lebanon,Forestland
http://dbpedia.org/resource/Lebanon,,-3.5253e+00,http://linked.aub.edu.lb/CODEC/Lebanon/observation/Emissions_from_Forests-Lebanon-Forestland-6751-Net+emissions%2Fremovals+%28CO2%29+%28Forest+land%29-2003,https://www.fao.org/faostat/en/#data/EM,,Food and Agriculture Organization,6751,2003,72332,Net emissions/removals (CO2) (Forest land),kt,http://linked.aub.edu.lb/CODEC/Lebanon/Dataset/Emissions_from_Forests-Lebanon,Forestland
http://dbpedia.org/resource/Lebanon,,-3.5253e+00,http://linked.aub.edu.lb/CODEC/Lebanon/observation/Emissions_from_Forests-Lebanon-Forestland-6751-Net+emissions%2Fremovals+%28CO2%29+%28Forest+land%29-2004,https://www.fao.org/faostat/en/#data/EM,,Food and Agriculture Organization,6751,2004,72332,Net emissions/removals (CO2) (Forest land),kt,http://linked.aub.edu.lb/CODEC/Lebanon/Dataset/Emissions_from_Forests-Lebanon,Forestland
http://dbpedia.org/resource/Lebanon,,-3.5253e+00,http://linked.aub.edu.lb/CODEC/Lebanon/observation/Emissions_from_Forests-Lebanon-Forestland-6751-Net+emissions%2Fremovals+%28CO2%29+%28Forest+land%29-2005,https://www.fao.org/faostat/en/#data/EM,,Food and Agriculture Organization,6751,2005,72332,Net emissions/removals (CO2) (Forest land),kt,http://linked.aub.edu.lb/CODEC/Lebanon/Dataset/Emissions_from_Forests-Lebanon,Forestland
http://dbpedia.org/resource/Lebanon,,-3.5253e+00,http://linked.aub.edu.lb/CODEC/Lebanon/observation/Emissions_from_Forests-Lebanon-Forestland-6751-Net+emissions%2Fremovals+%28CO2%29+%28Forest+land%29-2006,https://www.fao.org/faostat/en/#data/EM,,Food and Agriculture Organization,6751,2006,72332,Net emissions/removals (CO2) (Forest land),kt,http://linked.aub.edu.lb/CODEC/Lebanon/Dataset/Emissions_from_Forests-Lebanon,Forestland
http://dbpedia.org/resource/Lebanon,,-3.5253e+00,http://linked.aub.edu.lb/CODEC/Lebanon/observation/Emissions_from_Forests-Lebanon-Forestland-6751-Net+emissions%2Fremovals+%28CO2%29+%28Forest+land%29-2007,https://www.fao.org/faostat/en/#data/EM,,Food and Agriculture Organization,6751,2007,72332,Net emissions/removals (CO2) (Forest land),kt,http://linked.aub.edu.lb/CODEC/Lebanon/Dataset/Emissions_from_Forests-Lebanon,Forestland
http://dbpedia.org/resource/Lebanon,,-3.5253e+00,http://linked.aub.edu.lb/CODEC/Lebanon/observation/Emissions_from_Forests-Lebanon-Forestland-6751-Net+emissions%2Fremovals+%28CO2%29+%28Forest+land%29-2008,https://www.fao.org/faostat/en/#data/EM,,Food and Agriculture Organization,6751,2008,72332,Net emissions/removals (CO2) (Forest land),kt,http://linked.aub.edu.lb/CODEC/Lebanon/Dataset/Emissions_from_Forests-Lebanon,Forestland
http://dbpedia.org/resource/Lebanon,,-3.5253e+00,http://linked.aub.edu.lb/CODEC/Lebanon/observation/Emissions_from_Forests-Lebanon-Forestland-6751-Net+emissions%2Fremovals+%28CO2%29+%28Forest+land%29-2009,https://www.fao.org/faostat/en/#data/EM,,Food and Agriculture Organization,6751,2009,72332,Net emissions/removals (CO2) (Forest land),kt,http://linked.aub.edu.lb/CODEC/Lebanon/Dataset/Emissions_from_Forests-Lebanon,Forestland
http://dbpedia.org/resource/Lebanon,,-3.5253e+00,http://linked.aub.edu.lb/CODEC/Lebanon/observation/Emissions_from_Forests-Lebanon-Forestland-6751-Net+emissions%2Fremovals+%28CO2%29+%28Forest+land%29-2010,https://www.fao.org/faostat/en/#data/EM,,Food and Agriculture Organization,6751,2010,72332,Net emissions/removals (CO2) (Forest land),kt,http://linked.aub.edu.lb/CODEC/Lebanon/Dataset/Emissions_from_Forests-Lebanon,Forestland
http://dbpedia.org/resource/Lebanon,,-7.59384e+01,http://linked.aub.edu.lb/CODEC/Lebanon/observation/Emissions_from_Forests-Lebanon-Forestland-6751-Net+emissions%2Fremovals+%28CO2%29+%28Forest+land%29-2011,https://www.fao.org/faostat/en/#data/EM,,Food and Agriculture Organization,6751,2011,72332,Net emissions/removals (CO2) (Forest land),kt,http://linked.aub.edu.lb/CODEC/Lebanon/Dataset/Emissions_from_Forests-Lebanon,Forestland
http://dbpedia.org/resource/Lebanon,,-7.59384e+01,http://linked.aub.edu.lb/CODEC/Lebanon/observation/Emissions_from_Forests-Lebanon-Forestland-6751-Net+emissions%2Fremovals+%28CO2%29+%28Forest+land%29-2012,https://www.fao.org/faostat/en/#data/EM,,Food and Agriculture Organization,6751,2012,72332,Net emissions/removals (CO2) (Forest land),kt,http://linked.aub.edu.lb/CODEC/Lebanon/Dataset/Emissions_from_Forests-Lebanon,Forestland
http://dbpedia.org/resource/Lebanon,,-7.59384e+01,http://linked.aub.edu.lb/CODEC/Lebanon/observation/Emissions_from_Forests-Lebanon-Forestland-6751-Net+emissions%2Fremovals+%28CO2%29+%28Forest+land%29-2013,https://www.fao.org/faostat/en/#data/EM,,Food and Agriculture Organization,6751,2013,72332,Net emissions/removals (CO2) (Forest land),kt,http://linked.aub.edu.lb/CODEC/Lebanon/Dataset/Emissions_from_Forests-Lebanon,Forestland
http://dbpedia.org/resource/Lebanon,,-7.59384e+01,http://linked.aub.edu.lb/CODEC/Lebanon/observation/Emissions_from_Forests-Lebanon-Forestland-6751-Net+emissions%2Fremovals+%28CO2%29+%28Forest+land%29-2014,https://www.fao.org/faostat/en/#data/EM,,Food and Agriculture Organization,6751,2014,72332,Net emissions/removals (CO2) (Forest land),kt,http://linked.aub.edu.lb/CODEC/Lebanon/Dataset/Emissions_from_Forests-Lebanon,Forestland
http://dbpedia.org/resource/Lebanon,,-7.59384e+01,http://linked.aub.edu.lb/CODEC/Lebanon/observation/Emissions_from_Forests-Lebanon-Forestland-6751-Net+emissions%2Fremovals+%28CO2%29+%28Forest+land%29-2015,https://www.fao.org/faostat/en/#data/EM,,Food and Agriculture Organization,6751,2015,72332,Net emissions/removals (CO2) (Forest land),kt,http://linked.aub.edu.lb/CODEC/Lebanon/Dataset/Emissions_from_Forests-Lebanon,Forestland
http://dbpedia.org/resource/Lebanon,,-7.85131e+01,http://linked.aub.edu.lb/CODEC/Lebanon/observation/Emissions_from_Forests-Lebanon-Forestland-6751-Net+emissions%2Fremovals+%28CO2%29+%28Forest+land%29-2016,https://www.fao.org/faostat/en/#data/EM,,Food and Agriculture Organization,6751,2016,72332,Net emissions/removals (CO2) (Forest land),kt,http://linked.aub.edu.lb/CODEC/Lebanon/Dataset/Emissions_from_Forests-Lebanon,Forestland
http://dbpedia.org/resource/Lebanon,,-7.85131e+01,http://linked.aub.edu.lb/CODEC/Lebanon/observation/Emissions_from_Forests-Lebanon-Forestland-6751-Net+emissions%2Fremovals+%28CO2%29+%28Forest+land%29-2017,https://www.fao.org/faostat/en/#data/EM,,Food and Agriculture Organization,6751,2017,72332,Net emissions/removals (CO2) (Forest land),kt,http://linked.aub.edu.lb/CODEC/Lebanon/Dataset/Emissions_from_Forests-Lebanon,Forestland
http://dbpedia.org/resource/Lebanon,,-7.85131e+01,http://linked.aub.edu.lb/CODEC/Lebanon/observation/Emissions_from_Forests-Lebanon-Forestland-6751-Net+emissions%2Fremovals+%28CO2%29+%28Forest+land%29-2018,https://www.fao.org/faostat/en/#data/EM,,Food and Agriculture Organization,6751,2018,72332,Net emissions/removals (CO2) (Forest land),kt,http://linked.aub.edu.lb/CODEC/Lebanon/Dataset/Emissions_from_Forests-Lebanon,Forestland
http://dbpedia.org/resource/Lebanon,,-7.85131e+01,http://linked.aub.edu.lb/CODEC/Lebanon/observation/Emissions_from_Forests-Lebanon-Forestland-6751-Net+emissions%2Fremovals+%28CO2%29+%28Forest+land%29-2019,https://www.fao.org/faostat/en/#data/EM,,Food and Agriculture Organization,6751,2019,72332,Net emissions/removals (CO2) (Forest land),kt,http://linked.aub.edu.lb/CODEC/Lebanon/Dataset/Emissions_from_Forests-Lebanon,Forestland
http://dbpedia.org/resource/Lebanon,,-7.85131e+01,http://linked.aub.edu.lb/CODEC/Lebanon/observation/Emissions_from_Forests-Lebanon-Forestland-6751-Net+emissions%2Fremovals+%28CO2%29+%28Forest+land%29-2020,https://www.fao.org/faostat/en/#data/EM,,Food and Agriculture Organization,6751,2020,72332,Net emissions/removals (CO2) (Forest land),kt,http://linked.aub.edu.lb/CODEC/Lebanon/Dataset/Emissions_from_Forests-Lebanon,Forestland
http://dbpedia.org/resource/Lebanon,,-7.85131e+01,http://linked.aub.edu.lb/CODEC/Lebanon/observation/Emissions_from_Forests-Lebanon-Forestland-6751-Net+emissions%2Fremovals+%28CO2%29+%28Forest+land%29-2021,https://www.fao.org/faostat/en/#data/EM,,Food and Agriculture Organization,6751,2021,72332,Net emissions/removals (CO2) (Forest land),kt,http://linked.aub.edu.lb/CODEC/Lebanon/Dataset/Emissions_from_Forests-Lebanon,Forestland
http://dbpedia.org/resource/Lebanon,,1.52e-01,http://linked.aub.edu.lb/CODEC/Lebanon/observation/Emissions_from_Forests-Lebanon-Net+Forest+conversion-6750-Area-1990,https://www.fao.org/faostat/en/#data/EM,,Food and Agriculture Organization,6750,1990,5110,Area,1000 ha,http://linked.aub.edu.lb/CODEC/Lebanon/Dataset/Emissions_from_Forests-Lebanon,Net Forest conversion
http://dbpedia.org/resource/Lebanon,,1.52e-01,http://linked.aub.edu.lb/CODEC/Lebanon/observation/Emissions_from_Forests-Lebanon-Net+Forest+conversion-6750-Area-1991,https://www.fao.org/faostat/en/#data/EM,,Food and Agriculture Organization,6750,1991,5110,Area,1000 ha,http://linked.aub.edu.lb/CODEC/Lebanon/Dataset/Emissions_from_Forests-Lebanon,Net Forest conversion
http://dbpedia.org/resource/Lebanon,,1.52e-01,http://linked.aub.edu.lb/CODEC/Lebanon/observation/Emissions_from_Forests-Lebanon-Net+Forest+conversion-6750-Area-1992,https://www.fao.org/faostat/en/#data/EM,,Food and Agriculture Organization,6750,1992,5110,Area,1000 ha,http://linked.aub.edu.lb/CODEC/Lebanon/Dataset/Emissions_from_Forests-Lebanon,Net Forest conversion
http://dbpedia.org/resource/Lebanon,,1.52e-01,http://linked.aub.edu.lb/CODEC/Lebanon/observation/Emissions_from_Forests-Lebanon-Net+Forest+conversion-6750-Area-1993,https://www.fao.org/faostat/en/#data/EM,,Food and Agriculture Organization,6750,1993,5110,Area,1000 ha,http://linked.aub.edu.lb/CODEC/Lebanon/Dataset/Emissions_from_Forests-Lebanon,Net Forest conversion
http://dbpedia.org/resource/Lebanon,,1.52e-01,http://linked.aub.edu.lb/CODEC/Lebanon/observation/Emissions_from_Forests-Lebanon-Net+Forest+conversion-6750-Area-1994,https://www.fao.org/faostat/en/#data/EM,,Food and Agriculture Organization,6750,1994,5110,Area,1000 ha,http://linked.aub.edu.lb/CODEC/Lebanon/Dataset/Emissions_from_Forests-Lebanon,Net Forest conversion
http://dbpedia.org/resource/Lebanon,,1.52e-01,http://linked.aub.edu.lb/CODEC/Lebanon/observation/Emissions_from_Forests-Lebanon-Net+Forest+conversion-6750-Area-1995,https://www.fao.org/faostat/en/#data/EM,,Food and Agriculture Organization,6750,1995,5110,Area,1000 ha,http://linked.aub.edu.lb/CODEC/Lebanon/Dataset/Emissions_from_Forests-Lebanon,Net Forest conversion
http://dbpedia.org/resource/Lebanon,,1.52e-01,http://linked.aub.edu.lb/CODEC/Lebanon/observation/Emissions_from_Forests-Lebanon-Net+Forest+conversion-6750-Area-1996,https://www.fao.org/faostat/en/#data/EM,,Food and Agriculture Organization,6750,1996,5110,Area,1000 ha,http://linked.aub.edu.lb/CODEC/Lebanon/Dataset/Emissions_from_Forests-Lebanon,Net Forest conversion
http://dbpedia.org/resource/Lebanon,,1.52e-01,http://linked.aub.edu.lb/CODEC/Lebanon/observation/Emissions_from_Forests-Lebanon-Net+Forest+conversion-6750-Area-1997,https://www.fao.org/faostat/en/#data/EM,,Food and Agriculture Organization,6750,1997,5110,Area,1000 ha,http://linked.aub.edu.lb/CODEC/Lebanon/Dataset/Emissions_from_Forests-Lebanon,Net Forest conversion
http://dbpedia.org/resource/Lebanon,,1.52e-01,http://linked.aub.edu.lb/CODEC/Lebanon/observation/Emissions_from_Forests-Lebanon-Net+Forest+conversion-6750-Area-1998,https://www.fao.org/faostat/en/#data/EM,,Food and Agriculture Organization,6750,1998,5110,Area,1000 ha,http://linked.aub.edu.lb/CODEC/Lebanon/Dataset/Emissions_from_Forests-Lebanon,Net Forest conversion
http://dbpedia.org/resource/Lebanon,,1.52e-01,http://linked.aub.edu.lb/CODEC/Lebanon/observation/Emissions_from_Forests-Lebanon-Net+Forest+conversion-6750-Area-1999,https://www.fao.org/faostat/en/#data/EM,,Food and Agriculture Organization,6750,1999,5110,Area,1000 ha,http://linked.aub.edu.lb/CODEC/Lebanon/Dataset/Emissions_from_Forests-Lebanon,Net Forest conversion
http://dbpedia.org/resource/Lebanon,,1.52e-01,http://linked.aub.edu.lb/CODEC/Lebanon/observation/Emissions_from_Forests-Lebanon-Net+Forest+conversion-6750-Area-2000,https://www.fao.org/faostat/en/#data/EM,,Food and Agriculture Organization,6750,2000,5110,Area,1000 ha,http://linked.aub.edu.lb/CODEC/Lebanon/Dataset/Emissions_from_Forests-Lebanon,Net Forest conversion
http://dbpedia.org/resource/Lebanon,,8.3e-02,http://linked.aub.edu.lb/CODEC/Lebanon/observation/Emissions_from_Forests-Lebanon-Net+Forest+conversion-6750-Area-2001,https://www.fao.org/faostat/en/#data/EM,,Food and Agriculture Organization,6750,2001,5110,Area,1000 ha,http://linked.aub.edu.lb/CODEC/Lebanon/Dataset/Emissions_from_Forests-Lebanon,Net Forest conversion
http://dbpedia.org/resource/Lebanon,,8.3e-02,http://linked.aub.edu.lb/CODEC/Lebanon/observation/Emissions_from_Forests-Lebanon-Net+Forest+conversion-6750-Area-2002,https://www.fao.org/faostat/en/#data/EM,,Food and Agriculture Organization,6750,2002,5110,Area,1000 ha,http://linked.aub.edu.lb/CODEC/Lebanon/Dataset/Emissions_from_Forests-Lebanon,Net Forest conversion
http://dbpedia.org/resource/Lebanon,,8.3e-02,http://linked.aub.edu.lb/CODEC/Lebanon/observation/Emissions_from_Forests-Lebanon-Net+Forest+conversion-6750-Area-2003,https://www.fao.org/faostat/en/#data/EM,,Food and Agriculture Organization,6750,2003,5110,Area,1000 ha,http://linked.aub.edu.lb/CODEC/Lebanon/Dataset/Emissions_from_Forests-Lebanon,Net Forest conversion
http://dbpedia.org/resource/Lebanon,,8.3e-02,http://linked.aub.edu.lb/CODEC/Lebanon/observation/Emissions_from_Forests-Lebanon-Net+Forest+conversion-6750-Area-2004,https://www.fao.org/faostat/en/#data/EM,,Food and Agriculture Organization,6750,2004,5110,Area,1000 ha,http://linked.aub.edu.lb/CODEC/Lebanon/Dataset/Emissions_from_Forests-Lebanon,Net Forest conversion
http://dbpedia.org/resource/Lebanon,,8.3e-02,http://linked.aub.edu.lb/CODEC/Lebanon/observation/Emissions_from_Forests-Lebanon-Net+Forest+conversion-6750-Area-2005,https://www.fao.org/faostat/en/#data/EM,,Food and Agriculture Organization,6750,2005,5110,Area,1000 ha,http://linked.aub.edu.lb/CODEC/Lebanon/Dataset/Emissions_from_Forests-Lebanon,Net Forest conversion
http://dbpedia.org/resource/Lebanon,,8.3e-02,http://linked.aub.edu.lb/CODEC/Lebanon/observation/Emissions_from_Forests-Lebanon-Net+Forest+conversion-6750-Area-2006,https://www.fao.org/faostat/en/#data/EM,,Food and Agriculture Organization,6750,2006,5110,Area,1000 ha,http://linked.aub.edu.lb/CODEC/Lebanon/Dataset/Emissions_from_Forests-Lebanon,Net Forest conversion
http://dbpedia.org/resource/Lebanon,,8.3e-02,http://linked.aub.edu.lb/CODEC/Lebanon/observation/Emissions_from_Forests-Lebanon-Net+Forest+conversion-6750-Area-2007,https://www.fao.org/faostat/en/#data/EM,,Food and Agriculture Organization,6750,2007,5110,Area,1000 ha,http://linked.aub.edu.lb/CODEC/Lebanon/Dataset/Emissions_from_Forests-Lebanon,Net Forest conversion
http://dbpedia.org/resource/Lebanon,,8.3e-02,http://linked.aub.edu.lb/CODEC/Lebanon/observation/Emissions_from_Forests-Lebanon-Net+Forest+conversion-6750-Area-2008,https://www.fao.org/faostat/en/#data/EM,,Food and Agriculture Organization,6750,2008,5110,Area,1000 ha,http://linked.aub.edu.lb/CODEC/Lebanon/Dataset/Emissions_from_Forests-Lebanon,Net Forest conversion
http://dbpedia.org/resource/Lebanon,,8.3e-02,http://linked.aub.edu.lb/CODEC/Lebanon/observation/Emissions_from_Forests-Lebanon-Net+Forest+conversion-6750-Area-2009,https://www.fao.org/faostat/en/#data/EM,,Food and Agriculture Organization,6750,2009,5110,Area,1000 ha,http://linked.aub.edu.lb/CODEC/Lebanon/Dataset/Emissions_from_Forests-Lebanon,Net Forest conversion
http://dbpedia.org/resource/Lebanon,,8.3e-02,http://linked.aub.edu.lb/CODEC/Lebanon/observation/Emissions_from_Forests-Lebanon-Net+Forest+conversion-6750-Area-2010,https://www.fao.org/faostat/en/#data/EM,,Food and Agriculture Organization,6750,2010,5110,Area,1000 ha,http://linked.aub.edu.lb/CODEC/Lebanon/Dataset/Emissions_from_Forests-Lebanon,Net Forest conversion
http://dbpedia.org/resource/Lebanon,,0e+00,http://linked.aub.edu.lb/CODEC/Lebanon/observation/Emissions_from_Forests-Lebanon-Net+Forest+conversion-6750-Area-2011,https://www.fao.org/faostat/en/#data/EM,,Food and Agriculture Organization,6750,2011,5110,Area,1000 ha,http://linked.aub.edu.lb/CODEC/Lebanon/Dataset/Emissions_from_Forests-Lebanon,Net Forest conversion
http://dbpedia.org/resource/Lebanon,,0e+00,http://linked.aub.edu.lb/CODEC/Lebanon/observation/Emissions_from_Forests-Lebanon-Net+Forest+conversion-6750-Area-2012,https://www.fao.org/faostat/en/#data/EM,,Food and Agriculture Organization,6750,2012,5110,Area,1000 ha,http://linked.aub.edu.lb/CODEC/Lebanon/Dataset/Emissions_from_Forests-Lebanon,Net Forest conversion
http://dbpedia.org/resource/Lebanon,,0e+00,http://linked.aub.edu.lb/CODEC/Lebanon/observation/Emissions_from_Forests-Lebanon-Net+Forest+conversion-6750-Area-2013,https://www.fao.org/faostat/en/#data/EM,,Food and Agriculture Organization,6750,2013,5110,Area,1000 ha,http://linked.aub.edu.lb/CODEC/Lebanon/Dataset/Emissions_from_Forests-Lebanon,Net Forest conversion
http://dbpedia.org/resource/Lebanon,,0e+00,http://linked.aub.edu.lb/CODEC/Lebanon/observation/Emissions_from_Forests-Lebanon-Net+Forest+conversion-6750-Area-2014,https://www.fao.org/faostat/en/#data/EM,,Food and Agriculture Organization,6750,2014,5110,Area,1000 ha,http://linked.aub.edu.lb/CODEC/Lebanon/Dataset/Emissions_from_Forests-Lebanon,Net Forest conversion
http://dbpedia.org/resource/Lebanon,,0e+00,http://linked.aub.edu.lb/CODEC/Lebanon/observation/Emissions_from_Forests-Lebanon-Net+Forest+conversion-6750-Area-2015,https://www.fao.org/faostat/en/#data/EM,,Food and Agriculture Organization,6750,2015,5110,Area,1000 ha,http://linked.aub.edu.lb/CODEC/Lebanon/Dataset/Emissions_from_Forests-Lebanon,Net Forest conversion
http://dbpedia.org/resource/Lebanon,,0e+00,http://linked.aub.edu.lb/CODEC/Lebanon/observation/Emissions_from_Forests-Lebanon-Net+Forest+conversion-6750-Area-2016,https://www.fao.org/faostat/en/#data/EM,,Food and Agriculture Organization,6750,2016,5110,Area,1000 ha,http://linked.aub.edu.lb/CODEC/Lebanon/Dataset/Emissions_from_Forests-Lebanon,Net Forest conversion
http://dbpedia.org/resource/Lebanon,,0e+00,http://linked.aub.edu.lb/CODEC/Lebanon/observation/Emissions_from_Forests-Lebanon-Net+Forest+conversion-6750-Area-2017,https://www.fao.org/faostat/en/#data/EM,,Food and Agriculture Organization,6750,2017,5110,Area,1000 ha,http://linked.aub.edu.lb/CODEC/Lebanon/Dataset/Emissions_from_Forests-Lebanon,Net Forest conversion
http://dbpedia.org/resource/Lebanon,,0e+00,http://linked.aub.edu.lb/CODEC/Lebanon/observation/Emissions_from_Forests-Lebanon-Net+Forest+conversion-6750-Area-2018,https://www.fao.org/faostat/en/#data/EM,,Food and Agriculture Organization,6750,2018,5110,Area,1000 ha,http://linked.aub.edu.lb/CODEC/Lebanon/Dataset/Emissions_from_Forests-Lebanon,Net Forest conversion
http://dbpedia.org/resource/Lebanon,,0e+00,http://linked.aub.edu.lb/CODEC/Lebanon/observation/Emissions_from_Forests-Lebanon-Net+Forest+conversion-6750-Area-2019,https://www.fao.org/faostat/en/#data/EM,,Food and Agriculture Organization,6750,2019,5110,Area,1000 ha,http://linked.aub.edu.lb/CODEC/Lebanon/Dataset/Emissions_from_Forests-Lebanon,Net Forest conversion
http://dbpedia.org/resource/Lebanon,,0e+00,http://linked.aub.edu.lb/CODEC/Lebanon/observation/Emissions_from_Forests-Lebanon-Net+Forest+conversion-6750-Area-2020,https://www.fao.org/faostat/en/#data/EM,,Food and Agriculture Organization,6750,2020,5110,Area,1000 ha,http://linked.aub.edu.lb/CODEC/Lebanon/Dataset/Emissions_from_Forests-Lebanon,Net Forest conversion
http://dbpedia.org/resource/Lebanon,,0e+00,http://linked.aub.edu.lb/CODEC/Lebanon/observation/Emissions_from_Forests-Lebanon-Net+Forest+conversion-6750-Area-2021,https://www.fao.org/faostat/en/#data/EM,,Food and Agriculture Organization,6750,2021,5110,Area,1000 ha,http://linked.aub.edu.lb/CODEC/Lebanon/Dataset/Emissions_from_Forests-Lebanon,Net Forest conversion
http://dbpedia.org/resource/Lebanon,,1.95178e+01,http://linked.aub.edu.lb/CODEC/Lebanon/observation/Emissions_from_Forests-Lebanon-Net+Forest+conversion-6750-Net+emissions%2Fremovals+%28CO2%29+%28Forest+land%29-1990,https://www.fao.org/faostat/en/#data/EM,,Food and Agriculture Organization,6750,1990,72332,Net emissions/removals (CO2) (Forest land),kt,http://linked.aub.edu.lb/CODEC/Lebanon/Dataset/Emissions_from_Forests-Lebanon,Net Forest conversion
http://dbpedia.org/resource/Lebanon,,1.95178e+01,http://linked.aub.edu.lb/CODEC/Lebanon/observation/Emissions_from_Forests-Lebanon-Net+Forest+conversion-6750-Net+emissions%2Fremovals+%28CO2%29+%28Forest+land%29-1991,https://www.fao.org/faostat/en/#data/EM,,Food and Agriculture Organization,6750,1991,72332,Net emissions/removals (CO2) (Forest land),kt,http://linked.aub.edu.lb/CODEC/Lebanon/Dataset/Emissions_from_Forests-Lebanon,Net Forest conversion
http://dbpedia.org/resource/Lebanon,,1.95178e+01,http://linked.aub.edu.lb/CODEC/Lebanon/observation/Emissions_from_Forests-Lebanon-Net+Forest+conversion-6750-Net+emissions%2Fremovals+%28CO2%29+%28Forest+land%29-1992,https://www.fao.org/faostat/en/#data/EM,,Food and Agriculture Organization,6750,1992,72332,Net emissions/removals (CO2) (Forest land),kt,http://linked.aub.edu.lb/CODEC/Lebanon/Dataset/Emissions_from_Forests-Lebanon,Net Forest conversion
http://dbpedia.org/resource/Lebanon,,1.95178e+01,http://linked.aub.edu.lb/CODEC/Lebanon/observation/Emissions_from_Forests-Lebanon-Net+Forest+conversion-6750-Net+emissions%2Fremovals+%28CO2%29+%28Forest+land%29-1993,https://www.fao.org/faostat/en/#data/EM,,Food and Agriculture Organization,6750,1993,72332,Net emissions/removals (CO2) (Forest land),kt,http://linked.aub.edu.lb/CODEC/Lebanon/Dataset/Emissions_from_Forests-Lebanon,Net Forest conversion
http://dbpedia.org/resource/Lebanon,,1.95178e+01,http://linked.aub.edu.lb/CODEC/Lebanon/observation/Emissions_from_Forests-Lebanon-Net+Forest+conversion-6750-Net+emissions%2Fremovals+%28CO2%29+%28Forest+land%29-1994,https://www.fao.org/faostat/en/#data/EM,,Food and Agriculture Organization,6750,1994,72332,Net emissions/removals (CO2) (Forest land),kt,http://linked.aub.edu.lb/CODEC/Lebanon/Dataset/Emissions_from_Forests-Lebanon,Net Forest conversion
http://dbpedia.org/resource/Lebanon,,1.95178e+01,http://linked.aub.edu.lb/CODEC/Lebanon/observation/Emissions_from_Forests-Lebanon-Net+Forest+conversion-6750-Net+emissions%2Fremovals+%28CO2%29+%28Forest+land%29-1995,https://www.fao.org/faostat/en/#data/EM,,Food and Agriculture Organization,6750,1995,72332,Net emissions/removals (CO2) (Forest land),kt,http://linked.aub.edu.lb/CODEC/Lebanon/Dataset/Emissions_from_Forests-Lebanon,Net Forest conversion
http://dbpedia.org/resource/Lebanon,,1.95178e+01,http://linked.aub.edu.lb/CODEC/Lebanon/observation/Emissions_from_Forests-Lebanon-Net+Forest+conversion-6750-Net+emissions%2Fremovals+%28CO2%29+%28Forest+land%29-1996,https://www.fao.org/faostat/en/#data/EM,,Food and Agriculture Organization,6750,1996,72332,Net emissions/removals (CO2) (Forest land),kt,http://linked.aub.edu.lb/CODEC/Lebanon/Dataset/Emissions_from_Forests-Lebanon,Net Forest conversion
http://dbpedia.org/resource/Lebanon,,1.95178e+01,http://linked.aub.edu.lb/CODEC/Lebanon/observation/Emissions_from_Forests-Lebanon-Net+Forest+conversion-6750-Net+emissions%2Fremovals+%28CO2%29+%28Forest+land%29-1997,https://www.fao.org/faostat/en/#data/EM,,Food and Agriculture Organization,6750,1997,72332,Net emissions/removals (CO2) (Forest land),kt,http://linked.aub.edu.lb/CODEC/Lebanon/Dataset/Emissions_from_Forests-Lebanon,Net Forest conversion
http://dbpedia.org/resource/Lebanon,,1.95178e+01,http://linked.aub.edu.lb/CODEC/Lebanon/observation/Emissions_from_Forests-Lebanon-Net+Forest+conversion-6750-Net+emissions%2Fremovals+%28CO2%29+%28Forest+land%29-1998,https://www.fao.org/faostat/en/#data/EM,,Food and Agriculture Organization,6750,1998,72332,Net emissions/removals (CO2) (Forest land),kt,http://linked.aub.edu.lb/CODEC/Lebanon/Dataset/Emissions_from_Forests-Lebanon,Net Forest conversion
http://dbpedia.org/resource/Lebanon,,1.95178e+01,http://linked.aub.edu.lb/CODEC/Lebanon/observation/Emissions_from_Forests-Lebanon-Net+Forest+conversion-6750-Net+emissions%2Fremovals+%28CO2%29+%28Forest+land%29-1999,https://www.fao.org/faostat/en/#data/EM,,Food and Agriculture Organization,6750,1999,72332,Net emissions/removals (CO2) (Forest land),kt,http://linked.aub.edu.lb/CODEC/Lebanon/Dataset/Emissions_from_Forests-Lebanon,Net Forest conversion
http://dbpedia.org/resource/Lebanon,,1.95178e+01,http://linked.aub.edu.lb/CODEC/Lebanon/observation/Emissions_from_Forests-Lebanon-Net+Forest+conversion-6750-Net+emissions%2Fremovals+%28CO2%29+%28Forest+land%29-2000,https://www.fao.org/faostat/en/#data/EM,,Food and Agriculture Organization,6750,2000,72332,Net emissions/removals (CO2) (Forest land),kt,http://linked.aub.edu.lb/CODEC/Lebanon/Dataset/Emissions_from_Forests-Lebanon,Net Forest conversion
http://dbpedia.org/resource/Lebanon,,1.06973e+01,http://linked.aub.edu.lb/CODEC/Lebanon/observation/Emissions_from_Forests-Lebanon-Net+Forest+conversion-6750-Net+emissions%2Fremovals+%28CO2%29+%28Forest+land%29-2001,https://www.fao.org/faostat/en/#data/EM,,Food and Agriculture Organization,6750,2001,72332,Net emissions/removals (CO2) (Forest land),kt,http://linked.aub.edu.lb/CODEC/Lebanon/Dataset/Emissions_from_Forests-Lebanon,Net Forest conversion
http://dbpedia.org/resource/Lebanon,,1.06973e+01,http://linked.aub.edu.lb/CODEC/Lebanon/observation/Emissions_from_Forests-Lebanon-Net+Forest+conversion-6750-Net+emissions%2Fremovals+%28CO2%29+%28Forest+land%29-2002,https://www.fao.org/faostat/en/#data/EM,,Food and Agriculture Organization,6750,2002,72332,Net emissions/removals (CO2) (Forest land),kt,http://linked.aub.edu.lb/CODEC/Lebanon/Dataset/Emissions_from_Forests-Lebanon,Net Forest conversion
http://dbpedia.org/resource/Lebanon,,1.06973e+01,http://linked.aub.edu.lb/CODEC/Lebanon/observation/Emissions_from_Forests-Lebanon-Net+Forest+conversion-6750-Net+emissions%2Fremovals+%28CO2%29+%28Forest+land%29-2003,https://www.fao.org/faostat/en/#data/EM,,Food and Agriculture Organization,6750,2003,72332,Net emissions/removals (CO2) (Forest land),kt,http://linked.aub.edu.lb/CODEC/Lebanon/Dataset/Emissions_from_Forests-Lebanon,Net Forest conversion
http://dbpedia.org/resource/Lebanon,,1.06973e+01,http://linked.aub.edu.lb/CODEC/Lebanon/observation/Emissions_from_Forests-Lebanon-Net+Forest+conversion-6750-Net+emissions%2Fremovals+%28CO2%29+%28Forest+land%29-2004,https://www.fao.org/faostat/en/#data/EM,,Food and Agriculture Organization,6750,2004,72332,Net emissions/removals (CO2) (Forest land),kt,http://linked.aub.edu.lb/CODEC/Lebanon/Dataset/Emissions_from_Forests-Lebanon,Net Forest conversion
http://dbpedia.org/resource/Lebanon,,1.06973e+01,http://linked.aub.edu.lb/CODEC/Lebanon/observation/Emissions_from_Forests-Lebanon-Net+Forest+conversion-6750-Net+emissions%2Fremovals+%28CO2%29+%28Forest+land%29-2005,https://www.fao.org/faostat/en/#data/EM,,Food and Agriculture Organization,6750,2005,72332,Net emissions/removals (CO2) (Forest land),kt,http://linked.aub.edu.lb/CODEC/Lebanon/Dataset/Emissions_from_Forests-Lebanon,Net Forest conversion
http://dbpedia.org/resource/Lebanon,,1.06973e+01,http://linked.aub.edu.lb/CODEC/Lebanon/observation/Emissions_from_Forests-Lebanon-Net+Forest+conversion-6750-Net+emissions%2Fremovals+%28CO2%29+%28Forest+land%29-2006,https://www.fao.org/faostat/en/#data/EM,,Food and Agriculture Organization,6750,2006,72332,Net emissions/removals (CO2) (Forest land),kt,http://linked.aub.edu.lb/CODEC/Lebanon/Dataset/Emissions_from_Forests-Lebanon,Net Forest conversion
http://dbpedia.org/resource/Lebanon,,1.06973e+01,http://linked.aub.edu.lb/CODEC/Lebanon/observation/Emissions_from_Forests-Lebanon-Net+Forest+conversion-6750-Net+emissions%2Fremovals+%28CO2%29+%28Forest+land%29-2007,https://www.fao.org/faostat/en/#data/EM,,Food and Agriculture Organization,6750,2007,72332,Net emissions/removals (CO2) (Forest land),kt,http://linked.aub.edu.lb/CODEC/Lebanon/Dataset/Emissions_from_Forests-Lebanon,Net Forest conversion
http://dbpedia.org/resource/Lebanon,,1.06973e+01,http://linked.aub.edu.lb/CODEC/Lebanon/observation/Emissions_from_Forests-Lebanon-Net+Forest+conversion-6750-Net+emissions%2Fremovals+%28CO2%29+%28Forest+land%29-2008,https://www.fao.org/faostat/en/#data/EM,,Food and Agriculture Organization,6750,2008,72332,Net emissions/removals (CO2) (Forest land),kt,http://linked.aub.edu.lb/CODEC/Lebanon/Dataset/Emissions_from_Forests-Lebanon,Net Forest conversion
http://dbpedia.org/resource/Lebanon,,1.06973e+01,http://linked.aub.edu.lb/CODEC/Lebanon/observation/Emissions_from_Forests-Lebanon-Net+Forest+conversion-6750-Net+emissions%2Fremovals+%28CO2%29+%28Forest+land%29-2009,https://www.fao.org/faostat/en/#data/EM,,Food and Agriculture Organization,6750,2009,72332,Net emissions/removals (CO2) (Forest land),kt,http://linked.aub.edu.lb/CODEC/Lebanon/Dataset/Emissions_from_Forests-Lebanon,Net Forest conversion
http://dbpedia.org/resource/Lebanon,,1.06973e+01,http://linked.aub.edu.lb/CODEC/Lebanon/observation/Emissions_from_Forests-Lebanon-Net+Forest+conversion-6750-Net+emissions%2Fremovals+%28CO2%29+%28Forest+land%29-2010,https://www.fao.org/faostat/en/#data/EM,,Food and Agriculture Organization,6750,2010,72332,Net emissions/removals (CO2) (Forest land),kt,http://linked.aub.edu.lb/CODEC/Lebanon/Dataset/Emissions_from_Forests-Lebanon,Net Forest conversion
http://dbpedia.org/resource/Lebanon,,0e+00,http://linked.aub.edu.lb/CODEC/Lebanon/observation/Emissions_from_Forests-Lebanon-Net+Forest+conversion-6750-Net+emissions%2Fremovals+%28CO2%29+%28Forest+land%29-2011,https://www.fao.org/faostat/en/#data/EM,,Food and Agriculture Organization,6750,2011,72332,Net emissions/removals (CO2) (Forest land),kt,http://linked.aub.edu.lb/CODEC/Lebanon/Dataset/Emissions_from_Forests-Lebanon,Net Forest conversion
http://dbpedia.org/resource/Lebanon,,0e+00,http://linked.aub.edu.lb/CODEC/Lebanon/observation/Emissions_from_Forests-Lebanon-Net+Forest+conversion-6750-Net+emissions%2Fremovals+%28CO2%29+%28Forest+land%29-2012,https://www.fao.org/faostat/en/#data/EM,,Food and Agriculture Organization,6750,2012,72332,Net emissions/removals (CO2) (Forest land),kt,http://linked.aub.edu.lb/CODEC/Lebanon/Dataset/Emissions_from_Forests-Lebanon,Net Forest conversion
http://dbpedia.org/resource/Lebanon,,0e+00,http://linked.aub.edu.lb/CODEC/Lebanon/observation/Emissions_from_Forests-Lebanon-Net+Forest+conversion-6750-Net+emissions%2Fremovals+%28CO2%29+%28Forest+land%29-2013,https://www.fao.org/faostat/en/#data/EM,,Food and Agriculture Organization,6750,2013,72332,Net emissions/removals (CO2) (Forest land),kt,http://linked.aub.edu.lb/CODEC/Lebanon/Dataset/Emissions_from_Forests-Lebanon,Net Forest conversion
http://dbpedia.org/resource/Lebanon,,0e+00,http://linked.aub.edu.lb/CODEC/Lebanon/observation/Emissions_from_Forests-Lebanon-Net+Forest+conversion-6750-Net+emissions%2Fremovals+%28CO2%29+%28Forest+land%29-2014,https://www.fao.org/faostat/en/#data/EM,,Food and Agriculture Organization,6750,2014,72332,Net emissions/removals (CO2) (Forest land),kt,http://linked.aub.edu.lb/CODEC/Lebanon/Dataset/Emissions_from_Forests-Lebanon,Net Forest conversion
http://dbpedia.org/resource/Lebanon,,0e+00,http://linked.aub.edu.lb/CODEC/Lebanon/observation/Emissions_from_Forests-Lebanon-Net+Forest+conversion-6750-Net+emissions%2Fremovals+%28CO2%29+%28Forest+land%29-2015,https://www.fao.org/faostat/en/#data/EM,,Food and Agriculture Organization,6750,2015,72332,Net emissions/removals (CO2) (Forest land),kt,http://linked.aub.edu.lb/CODEC/Lebanon/Dataset/Emissions_from_Forests-Lebanon,Net Forest conversion
http://dbpedia.org/resource/Lebanon,,0e+00,http://linked.aub.edu.lb/CODEC/Lebanon/observation/Emissions_from_Forests-Lebanon-Net+Forest+conversion-6750-Net+emissions%2Fremovals+%28CO2%29+%28Forest+land%29-2016,https://www.fao.org/faostat/en/#data/EM,,Food and Agriculture Organization,6750,2016,72332,Net emissions/removals (CO2) (Forest land),kt,http://linked.aub.edu.lb/CODEC/Lebanon/Dataset/Emissions_from_Forests-Lebanon,Net Forest conversion
http://dbpedia.org/resource/Lebanon,,0e+00,http://linked.aub.edu.lb/CODEC/Lebanon/observation/Emissions_from_Forests-Lebanon-Net+Forest+conversion-6750-Net+emissions%2Fremovals+%28CO2%29+%28Forest+land%29-2017,https://www.fao.org/faostat/en/#data/EM,,Food and Agriculture Organization,6750,2017,72332,Net emissions/removals (CO2) (Forest land),kt,http://linked.aub.edu.lb/CODEC/Lebanon/Dataset/Emissions_from_Forests-Lebanon,Net Forest conversion
http://dbpedia.org/resource/Lebanon,,0e+00,http://linked.aub.edu.lb/CODEC/Lebanon/observation/Emissions_from_Forests-Lebanon-Net+Forest+conversion-6750-Net+emissions%2Fremovals+%28CO2%29+%28Forest+land%29-2018,https://www.fao.org/faostat/en/#data/EM,,Food and Agriculture Organization,6750,2018,72332,Net emissions/removals (CO2) (Forest land),kt,http://linked.aub.edu.lb/CODEC/Lebanon/Dataset/Emissions_from_Forests-Lebanon,Net Forest conversion
http://dbpedia.org/resource/Lebanon,,0e+00,http://linked.aub.edu.lb/CODEC/Lebanon/observation/Emissions_from_Forests-Lebanon-Net+Forest+conversion-6750-Net+emissions%2Fremovals+%28CO2%29+%28Forest+land%29-2019,https://www.fao.org/faostat/en/#data/EM,,Food and Agriculture Organization,6750,2019,72332,Net emissions/removals (CO2) (Forest land),kt,http://linked.aub.edu.lb/CODEC/Lebanon/Dataset/Emissions_from_Forests-Lebanon,Net Forest conversion
http://dbpedia.org/resource/Lebanon,,0e+00,http://linked.aub.edu.lb/CODEC/Lebanon/observation/Emissions_from_Forests-Lebanon-Net+Forest+conversion-6750-Net+emissions%2Fremovals+%28CO2%29+%28Forest+land%29-2020,https://www.fao.org/faostat/en/#data/EM,,Food and Agriculture Organization,6750,2020,72332,Net emissions/removals (CO2) (Forest land),kt,http://linked.aub.edu.lb/CODEC/Lebanon/Dataset/Emissions_from_Forests-Lebanon,Net Forest conversion
http://dbpedia.org/resource/Lebanon,,0e+00,http://linked.aub.edu.lb/CODEC/Lebanon/observation/Emissions_from_Forests-Lebanon-Net+Forest+conversion-6750-Net+emissions%2Fremovals+%28CO2%29+%28Forest+land%29-2021,https://www.fao.org/faostat/en/#data/EM,,Food and Agriculture Organization,6750,2021,72332,Net emissions/removals (CO2) (Forest land),kt,http://linked.aub.edu.lb/CODEC/Lebanon/Dataset/Emissions_from_Forests-Lebanon,Net Forest conversion
